<?xml version="1.0" encoding="utf-8"?>
<extension type="module" version="4.0" client="site" method="upgrade">
  <name>mod_weather</name>
  <version>1.0.0</version>
  <description>Module thời tiết với định vị và nhập thành phố, lưu vị trí người dùng</description>

  <files>
    <filename module="mod_weather">mod_weather.php</filename>
    <folder>tmpl</folder>
  </files>

  <config>
    <fields name="params">
      <fieldset name="basic">
        <field name="apikey" type="text" label="OpenWeatherMap API Key" required="true" />
        <field name="units" type="list" default="metric" label="Đơn vị nhiệt độ">
          <option value="metric">°C</option>
          <option value="imperial">°F</option>
        </field>
      </fieldset>
    </fields>
  </config>
</extension>
